log_id,table,action,user,timestamp
L00000,BOM,DELETE,user_13,2026-06-14
L00001,PARTS,DELETE,user_8,2026-06-5
L00002,BOM,DELETE,user_4,2026-06-19
L00003,INVENTORY,CREATE,user_10,2026-06-2
L00004,INVENTORY,UPDATE,user_18,2026-06-26
L00005,PARTS,UPDATE,user_4,2026-06-10
L00006,BOM,CREATE,user_19,2026-06-23
L00007,BOM,UPDATE,user_8,2026-06-14
L00008,BOM,DELETE,user_18,2026-06-19
L00009,INVENTORY,CREATE,user_4,2026-06-5
L00010,BOM,UPDATE,user_20,2026-06-7
L00011,BOM,DELETE,user_16,2026-06-28
L00012,BOM,UPDATE,user_6,2026-06-21
L00013,PARTS,CREATE,user_2,2026-06-8
L00014,BOM,UPDATE,user_14,2026-06-11
L00015,BOM,UPDATE,user_6,2026-06-30
L00016,BOM,DELETE,user_5,2026-06-8
L00017,BOM,UPDATE,user_3,2026-06-7
L00018,INVENTORY,CREATE,user_1,2026-06-20
L00019,BOM,DELETE,user_15,2026-06-2
L00020,BOM,DELETE,user_6,2026-06-15
L00021,PARTS,CREATE,user_9,2026-06-5
L00022,BOM,DELETE,user_8,2026-06-25
L00023,PARTS,UPDATE,user_8,2026-06-8
L00024,BOM,UPDATE,user_13,2026-06-29
L00025,BOM,DELETE,user_18,2026-06-2
L00026,PARTS,UPDATE,user_12,2026-06-18
L00027,PARTS,CREATE,user_4,2026-06-7
L00028,BOM,UPDATE,user_4,2026-06-27
L00029,INVENTORY,UPDATE,user_9,2026-06-27
L00030,PARTS,DELETE,user_9,2026-06-7
L00031,INVENTORY,DELETE,user_9,2026-06-19
L00032,INVENTORY,UPDATE,user_10,2026-06-15
L00033,INVENTORY,DELETE,user_19,2026-06-8
L00034,PARTS,DELETE,user_13,2026-06-12
L00035,INVENTORY,DELETE,user_18,2026-06-30
L00036,BOM,CREATE,user_2,2026-06-5
L00037,PARTS,CREATE,user_7,2026-06-2
L00038,PARTS,UPDATE,user_2,2026-06-10
L00039,BOM,CREATE,user_3,2026-06-19
L00040,INVENTORY,UPDATE,user_2,2026-06-16
L00041,INVENTORY,DELETE,user_8,2026-06-13
L00042,PARTS,UPDATE,user_8,2026-06-23
L00043,PARTS,UPDATE,user_16,2026-06-24
L00044,INVENTORY,CREATE,user_16,2026-06-14
L00045,PARTS,CREATE,user_6,2026-06-3
L00046,PARTS,DELETE,user_10,2026-06-22
L00047,PARTS,CREATE,user_20,2026-06-17
L00048,INVENTORY,CREATE,user_18,2026-06-14
L00049,PARTS,CREATE,user_12,2026-06-7
L00050,PARTS,UPDATE,user_18,2026-06-16
L00051,PARTS,DELETE,user_1,2026-06-3
L00052,INVENTORY,DELETE,user_4,2026-06-12
L00053,INVENTORY,CREATE,user_11,2026-06-11
L00054,PARTS,DELETE,user_6,2026-06-19
L00055,INVENTORY,DELETE,user_1,2026-06-1
L00056,INVENTORY,DELETE,user_5,2026-06-6
L00057,BOM,UPDATE,user_17,2026-06-6
L00058,PARTS,CREATE,user_12,2026-06-26
L00059,INVENTORY,DELETE,user_6,2026-06-7
L00060,BOM,CREATE,user_13,2026-06-11
L00061,INVENTORY,UPDATE,user_3,2026-06-2
L00062,BOM,DELETE,user_5,2026-06-10
L00063,BOM,CREATE,user_1,2026-06-6
L00064,INVENTORY,UPDATE,user_2,2026-06-2
L00065,INVENTORY,UPDATE,user_6,2026-06-23
L00066,PARTS,DELETE,user_20,2026-06-24
L00067,BOM,CREATE,user_2,2026-06-22
L00068,INVENTORY,CREATE,user_4,2026-06-7
L00069,BOM,DELETE,user_4,2026-06-12
L00070,INVENTORY,CREATE,user_10,2026-06-30
L00071,PARTS,CREATE,user_3,2026-06-10
L00072,INVENTORY,UPDATE,user_14,2026-06-16
L00073,INVENTORY,DELETE,user_17,2026-06-12
L00074,BOM,UPDATE,user_7,2026-06-10
L00075,INVENTORY,UPDATE,user_11,2026-06-20
L00076,INVENTORY,UPDATE,user_2,2026-06-15
L00077,BOM,DELETE,user_17,2026-06-5
L00078,PARTS,CREATE,user_10,2026-06-30
L00079,PARTS,CREATE,user_17,2026-06-13
L00080,BOM,CREATE,user_15,2026-06-20
L00081,PARTS,DELETE,user_3,2026-06-6
L00082,INVENTORY,UPDATE,user_10,2026-06-7
L00083,BOM,UPDATE,user_9,2026-06-25
L00084,BOM,CREATE,user_8,2026-06-27
L00085,PARTS,UPDATE,user_1,2026-06-24
L00086,PARTS,CREATE,user_10,2026-06-18
L00087,INVENTORY,DELETE,user_9,2026-06-26
L00088,BOM,UPDATE,user_13,2026-06-15
L00089,BOM,CREATE,user_7,2026-06-1
L00090,INVENTORY,DELETE,user_18,2026-06-7
L00091,PARTS,DELETE,user_16,2026-06-3
L00092,BOM,UPDATE,user_14,2026-06-18
L00093,INVENTORY,CREATE,user_19,2026-06-25
L00094,PARTS,CREATE,user_15,2026-06-19
L00095,PARTS,UPDATE,user_4,2026-06-5
L00096,INVENTORY,CREATE,user_2,2026-06-9
L00097,BOM,UPDATE,user_11,2026-06-11
L00098,PARTS,DELETE,user_14,2026-06-27
L00099,INVENTORY,UPDATE,user_5,2026-06-7
L00100,PARTS,DELETE,user_15,2026-06-14
L00101,BOM,CREATE,user_7,2026-06-17
L00102,BOM,DELETE,user_15,2026-06-28
L00103,PARTS,CREATE,user_2,2026-06-26
L00104,BOM,CREATE,user_4,2026-06-28
L00105,PARTS,CREATE,user_18,2026-06-10
L00106,BOM,CREATE,user_14,2026-06-12
L00107,PARTS,DELETE,user_12,2026-06-20
L00108,PARTS,CREATE,user_9,2026-06-25
L00109,PARTS,DELETE,user_8,2026-06-8
L00110,INVENTORY,UPDATE,user_3,2026-06-24
L00111,PARTS,DELETE,user_9,2026-06-17
L00112,INVENTORY,UPDATE,user_5,2026-06-13
L00113,INVENTORY,UPDATE,user_3,2026-06-3
L00114,INVENTORY,DELETE,user_19,2026-06-15
L00115,BOM,CREATE,user_14,2026-06-28
L00116,INVENTORY,DELETE,user_2,2026-06-11
L00117,PARTS,DELETE,user_4,2026-06-19
L00118,BOM,DELETE,user_7,2026-06-24
L00119,BOM,CREATE,user_12,2026-06-24
L00120,INVENTORY,CREATE,user_8,2026-06-1
L00121,PARTS,DELETE,user_5,2026-06-28
L00122,BOM,UPDATE,user_18,2026-06-1
L00123,INVENTORY,DELETE,user_14,2026-06-2
L00124,PARTS,CREATE,user_16,2026-06-20
L00125,INVENTORY,DELETE,user_4,2026-06-25
L00126,INVENTORY,CREATE,user_5,2026-06-5
L00127,INVENTORY,DELETE,user_7,2026-06-17
L00128,INVENTORY,CREATE,user_15,2026-06-15
L00129,BOM,DELETE,user_11,2026-06-15
L00130,INVENTORY,UPDATE,user_17,2026-06-10
L00131,INVENTORY,DELETE,user_17,2026-06-3
L00132,INVENTORY,CREATE,user_2,2026-06-21
L00133,INVENTORY,UPDATE,user_5,2026-06-1
L00134,BOM,CREATE,user_2,2026-06-27
L00135,BOM,UPDATE,user_4,2026-06-6
L00136,BOM,CREATE,user_17,2026-06-24
L00137,PARTS,UPDATE,user_19,2026-06-16
L00138,BOM,CREATE,user_1,2026-06-4
L00139,BOM,UPDATE,user_1,2026-06-22
L00140,BOM,UPDATE,user_1,2026-06-10
L00141,PARTS,UPDATE,user_2,2026-06-25
L00142,BOM,UPDATE,user_1,2026-06-6
L00143,INVENTORY,UPDATE,user_3,2026-06-7
L00144,BOM,DELETE,user_15,2026-06-7
L00145,BOM,CREATE,user_11,2026-06-5
L00146,INVENTORY,DELETE,user_11,2026-06-8
L00147,PARTS,UPDATE,user_5,2026-06-24
L00148,PARTS,DELETE,user_7,2026-06-23
L00149,BOM,UPDATE,user_15,2026-06-3
L00150,PARTS,DELETE,user_8,2026-06-11
L00151,INVENTORY,DELETE,user_3,2026-06-5
L00152,INVENTORY,DELETE,user_9,2026-06-24
L00153,BOM,DELETE,user_16,2026-06-5
L00154,BOM,DELETE,user_3,2026-06-23
L00155,PARTS,DELETE,user_13,2026-06-20
L00156,INVENTORY,CREATE,user_6,2026-06-12
L00157,BOM,CREATE,user_10,2026-06-23
L00158,INVENTORY,UPDATE,user_4,2026-06-18
L00159,PARTS,DELETE,user_14,2026-06-3
L00160,INVENTORY,DELETE,user_5,2026-06-21
L00161,BOM,CREATE,user_18,2026-06-4
L00162,PARTS,UPDATE,user_14,2026-06-11
L00163,PARTS,UPDATE,user_14,2026-06-19
L00164,PARTS,UPDATE,user_14,2026-06-25
L00165,INVENTORY,UPDATE,user_19,2026-06-26
L00166,INVENTORY,DELETE,user_3,2026-06-21
L00167,INVENTORY,UPDATE,user_12,2026-06-24
L00168,PARTS,UPDATE,user_19,2026-06-4
L00169,BOM,CREATE,user_4,2026-06-4
L00170,BOM,CREATE,user_4,2026-06-21
L00171,BOM,DELETE,user_3,2026-06-10
L00172,INVENTORY,CREATE,user_10,2026-06-23
L00173,BOM,DELETE,user_14,2026-06-1
L00174,PARTS,UPDATE,user_13,2026-06-30
L00175,PARTS,UPDATE,user_14,2026-06-20
L00176,PARTS,DELETE,user_10,2026-06-15
L00177,PARTS,UPDATE,user_15,2026-06-6
L00178,INVENTORY,DELETE,user_12,2026-06-21
L00179,INVENTORY,CREATE,user_10,2026-06-14
L00180,BOM,CREATE,user_17,2026-06-17
L00181,INVENTORY,UPDATE,user_13,2026-06-7
L00182,BOM,UPDATE,user_5,2026-06-19
L00183,PARTS,CREATE,user_14,2026-06-2
L00184,BOM,CREATE,user_11,2026-06-30
L00185,PARTS,DELETE,user_13,2026-06-10
L00186,BOM,DELETE,user_8,2026-06-18
L00187,BOM,DELETE,user_12,2026-06-6
L00188,BOM,CREATE,user_1,2026-06-12
L00189,BOM,CREATE,user_4,2026-06-16
L00190,PARTS,DELETE,user_1,2026-06-19
L00191,INVENTORY,UPDATE,user_18,2026-06-26
L00192,INVENTORY,UPDATE,user_14,2026-06-19
L00193,PARTS,DELETE,user_14,2026-06-18
L00194,INVENTORY,UPDATE,user_17,2026-06-29
L00195,INVENTORY,CREATE,user_1,2026-06-16
L00196,BOM,UPDATE,user_18,2026-06-29
L00197,INVENTORY,CREATE,user_4,2026-06-5
L00198,INVENTORY,CREATE,user_1,2026-06-7
L00199,INVENTORY,UPDATE,user_8,2026-06-27
L00200,BOM,UPDATE,user_20,2026-06-21
L00201,INVENTORY,UPDATE,user_15,2026-06-8
L00202,BOM,DELETE,user_15,2026-06-19
L00203,PARTS,UPDATE,user_14,2026-06-15
L00204,BOM,UPDATE,user_12,2026-06-29
L00205,BOM,CREATE,user_1,2026-06-24
L00206,BOM,UPDATE,user_13,2026-06-9
L00207,INVENTORY,CREATE,user_4,2026-06-8
L00208,INVENTORY,DELETE,user_18,2026-06-1
L00209,BOM,DELETE,user_2,2026-06-17
L00210,INVENTORY,UPDATE,user_5,2026-06-14
L00211,BOM,DELETE,user_18,2026-06-22
L00212,INVENTORY,DELETE,user_20,2026-06-15
L00213,INVENTORY,CREATE,user_5,2026-06-11
L00214,INVENTORY,DELETE,user_16,2026-06-28
L00215,INVENTORY,DELETE,user_1,2026-06-24
L00216,BOM,DELETE,user_10,2026-06-24
L00217,INVENTORY,CREATE,user_10,2026-06-8
L00218,BOM,DELETE,user_7,2026-06-13
L00219,BOM,UPDATE,user_1,2026-06-5
L00220,INVENTORY,CREATE,user_10,2026-06-24
L00221,PARTS,CREATE,user_16,2026-06-15
L00222,BOM,DELETE,user_16,2026-06-10
L00223,BOM,DELETE,user_20,2026-06-4
L00224,INVENTORY,UPDATE,user_9,2026-06-14
L00225,INVENTORY,CREATE,user_13,2026-06-3
L00226,PARTS,DELETE,user_19,2026-06-21
L00227,PARTS,DELETE,user_10,2026-06-6
L00228,INVENTORY,UPDATE,user_17,2026-06-13
L00229,PARTS,UPDATE,user_8,2026-06-6
L00230,PARTS,UPDATE,user_16,2026-06-24
L00231,BOM,CREATE,user_12,2026-06-22
L00232,PARTS,DELETE,user_12,2026-06-7
L00233,PARTS,DELETE,user_17,2026-06-26
L00234,BOM,DELETE,user_3,2026-06-28
L00235,BOM,CREATE,user_20,2026-06-28
L00236,INVENTORY,CREATE,user_17,2026-06-7
L00237,INVENTORY,UPDATE,user_19,2026-06-2
L00238,PARTS,UPDATE,user_1,2026-06-15
L00239,INVENTORY,UPDATE,user_15,2026-06-19
L00240,BOM,CREATE,user_3,2026-06-25
L00241,PARTS,UPDATE,user_5,2026-06-5
L00242,BOM,CREATE,user_4,2026-06-30
L00243,PARTS,CREATE,user_5,2026-06-13
L00244,BOM,UPDATE,user_4,2026-06-30
L00245,INVENTORY,UPDATE,user_19,2026-06-21
L00246,INVENTORY,DELETE,user_11,2026-06-28
L00247,INVENTORY,UPDATE,user_4,2026-06-15
L00248,PARTS,UPDATE,user_14,2026-06-1
L00249,BOM,DELETE,user_7,2026-06-11
L00250,BOM,UPDATE,user_10,2026-06-7
L00251,INVENTORY,DELETE,user_3,2026-06-10
L00252,BOM,UPDATE,user_20,2026-06-15
L00253,BOM,UPDATE,user_10,2026-06-21
L00254,INVENTORY,DELETE,user_3,2026-06-22
L00255,PARTS,DELETE,user_8,2026-06-9
L00256,INVENTORY,CREATE,user_16,2026-06-14
L00257,BOM,UPDATE,user_13,2026-06-29
L00258,BOM,UPDATE,user_15,2026-06-20
L00259,BOM,DELETE,user_13,2026-06-20
L00260,BOM,UPDATE,user_9,2026-06-2
L00261,INVENTORY,DELETE,user_18,2026-06-12
L00262,PARTS,DELETE,user_16,2026-06-29
L00263,INVENTORY,UPDATE,user_4,2026-06-19
L00264,BOM,DELETE,user_18,2026-06-14
L00265,INVENTORY,DELETE,user_17,2026-06-30
L00266,BOM,UPDATE,user_5,2026-06-17
L00267,INVENTORY,UPDATE,user_2,2026-06-21
L00268,INVENTORY,DELETE,user_6,2026-06-28
L00269,BOM,DELETE,user_17,2026-06-12
L00270,BOM,CREATE,user_11,2026-06-19
L00271,INVENTORY,CREATE,user_18,2026-06-23
L00272,PARTS,DELETE,user_18,2026-06-21
L00273,BOM,CREATE,user_18,2026-06-23
L00274,INVENTORY,CREATE,user_19,2026-06-27
L00275,PARTS,DELETE,user_12,2026-06-26
L00276,BOM,DELETE,user_10,2026-06-15
L00277,INVENTORY,CREATE,user_20,2026-06-23
L00278,INVENTORY,UPDATE,user_10,2026-06-26
L00279,INVENTORY,DELETE,user_2,2026-06-14
L00280,PARTS,DELETE,user_16,2026-06-30
L00281,BOM,CREATE,user_18,2026-06-12
L00282,BOM,CREATE,user_3,2026-06-9
L00283,INVENTORY,UPDATE,user_12,2026-06-3
L00284,PARTS,CREATE,user_7,2026-06-8
L00285,INVENTORY,DELETE,user_1,2026-06-11
L00286,INVENTORY,UPDATE,user_19,2026-06-30
L00287,INVENTORY,UPDATE,user_5,2026-06-28
L00288,INVENTORY,CREATE,user_19,2026-06-22
L00289,PARTS,DELETE,user_5,2026-06-10
L00290,BOM,CREATE,user_1,2026-06-7
L00291,BOM,DELETE,user_14,2026-06-8
L00292,INVENTORY,UPDATE,user_1,2026-06-3
L00293,INVENTORY,DELETE,user_9,2026-06-27
L00294,PARTS,DELETE,user_13,2026-06-21
L00295,INVENTORY,DELETE,user_11,2026-06-14
L00296,PARTS,DELETE,user_1,2026-06-24
L00297,INVENTORY,UPDATE,user_4,2026-06-10
L00298,BOM,CREATE,user_1,2026-06-11
L00299,PARTS,UPDATE,user_1,2026-06-28
L00300,BOM,UPDATE,user_3,2026-06-3
L00301,INVENTORY,UPDATE,user_16,2026-06-30
L00302,BOM,DELETE,user_14,2026-06-24
L00303,PARTS,CREATE,user_5,2026-06-12
L00304,PARTS,UPDATE,user_14,2026-06-1
L00305,BOM,DELETE,user_20,2026-06-8
L00306,INVENTORY,CREATE,user_7,2026-06-7
L00307,BOM,UPDATE,user_3,2026-06-28
L00308,BOM,UPDATE,user_12,2026-06-22
L00309,INVENTORY,DELETE,user_2,2026-06-14
L00310,BOM,CREATE,user_2,2026-06-21
L00311,BOM,DELETE,user_11,2026-06-19
L00312,BOM,UPDATE,user_7,2026-06-19
L00313,INVENTORY,DELETE,user_11,2026-06-2
L00314,INVENTORY,UPDATE,user_8,2026-06-23
L00315,BOM,DELETE,user_17,2026-06-12
L00316,PARTS,CREATE,user_2,2026-06-5
L00317,BOM,DELETE,user_6,2026-06-16
L00318,BOM,CREATE,user_8,2026-06-7
L00319,PARTS,DELETE,user_15,2026-06-28
L00320,PARTS,DELETE,user_5,2026-06-14
L00321,BOM,UPDATE,user_5,2026-06-22
L00322,PARTS,UPDATE,user_9,2026-06-20
L00323,PARTS,DELETE,user_12,2026-06-30
L00324,INVENTORY,CREATE,user_14,2026-06-14
L00325,BOM,CREATE,user_6,2026-06-15
L00326,PARTS,DELETE,user_2,2026-06-14
L00327,PARTS,DELETE,user_6,2026-06-3
L00328,INVENTORY,DELETE,user_16,2026-06-23
L00329,PARTS,DELETE,user_11,2026-06-29
L00330,PARTS,CREATE,user_13,2026-06-7
L00331,PARTS,CREATE,user_1,2026-06-12
L00332,INVENTORY,UPDATE,user_6,2026-06-27
L00333,PARTS,CREATE,user_13,2026-06-19
L00334,INVENTORY,UPDATE,user_18,2026-06-4
L00335,BOM,CREATE,user_11,2026-06-21
L00336,PARTS,DELETE,user_10,2026-06-9
L00337,PARTS,UPDATE,user_19,2026-06-24
L00338,PARTS,CREATE,user_10,2026-06-22
L00339,BOM,CREATE,user_4,2026-06-19
L00340,BOM,DELETE,user_9,2026-06-30
L00341,INVENTORY,DELETE,user_15,2026-06-30
L00342,PARTS,DELETE,user_5,2026-06-16
L00343,PARTS,CREATE,user_8,2026-06-25
L00344,PARTS,CREATE,user_8,2026-06-4
L00345,BOM,UPDATE,user_14,2026-06-18
L00346,BOM,CREATE,user_7,2026-06-27
L00347,PARTS,UPDATE,user_17,2026-06-21
L00348,BOM,UPDATE,user_14,2026-06-13
L00349,BOM,CREATE,user_5,2026-06-12
L00350,PARTS,CREATE,user_14,2026-06-26
L00351,BOM,UPDATE,user_1,2026-06-24
L00352,INVENTORY,UPDATE,user_12,2026-06-25
L00353,INVENTORY,DELETE,user_12,2026-06-1
L00354,PARTS,CREATE,user_20,2026-06-21
L00355,PARTS,UPDATE,user_20,2026-06-4
L00356,INVENTORY,UPDATE,user_3,2026-06-28
L00357,INVENTORY,CREATE,user_13,2026-06-27
L00358,BOM,UPDATE,user_18,2026-06-13
L00359,BOM,UPDATE,user_2,2026-06-20
L00360,PARTS,CREATE,user_15,2026-06-30
L00361,BOM,CREATE,user_7,2026-06-12
L00362,INVENTORY,DELETE,user_11,2026-06-9
L00363,PARTS,DELETE,user_18,2026-06-17
L00364,PARTS,DELETE,user_15,2026-06-2
L00365,INVENTORY,DELETE,user_5,2026-06-16
L00366,PARTS,UPDATE,user_9,2026-06-24
L00367,INVENTORY,CREATE,user_1,2026-06-14
L00368,PARTS,CREATE,user_10,2026-06-14
L00369,BOM,DELETE,user_13,2026-06-14
L00370,PARTS,UPDATE,user_5,2026-06-30
L00371,BOM,DELETE,user_1,2026-06-16
L00372,INVENTORY,UPDATE,user_18,2026-06-17
L00373,PARTS,UPDATE,user_20,2026-06-3
L00374,PARTS,UPDATE,user_9,2026-06-14
L00375,PARTS,DELETE,user_4,2026-06-20
L00376,BOM,CREATE,user_5,2026-06-16
L00377,INVENTORY,UPDATE,user_1,2026-06-10
L00378,INVENTORY,DELETE,user_19,2026-06-6
L00379,INVENTORY,UPDATE,user_13,2026-06-24
L00380,BOM,DELETE,user_9,2026-06-5
L00381,BOM,DELETE,user_16,2026-06-14
L00382,PARTS,CREATE,user_16,2026-06-11
L00383,INVENTORY,UPDATE,user_4,2026-06-2
L00384,BOM,UPDATE,user_15,2026-06-16
L00385,INVENTORY,DELETE,user_13,2026-06-18
L00386,INVENTORY,UPDATE,user_9,2026-06-28
L00387,BOM,DELETE,user_12,2026-06-18
L00388,PARTS,CREATE,user_11,2026-06-18
L00389,PARTS,CREATE,user_16,2026-06-26
L00390,BOM,DELETE,user_12,2026-06-7
L00391,INVENTORY,CREATE,user_5,2026-06-27
L00392,INVENTORY,DELETE,user_16,2026-06-3
L00393,PARTS,CREATE,user_13,2026-06-3
L00394,BOM,CREATE,user_17,2026-06-7
L00395,INVENTORY,UPDATE,user_2,2026-06-21
L00396,INVENTORY,UPDATE,user_11,2026-06-23
L00397,PARTS,UPDATE,user_18,2026-06-11
L00398,INVENTORY,CREATE,user_6,2026-06-11
L00399,BOM,UPDATE,user_7,2026-06-19
L00400,INVENTORY,UPDATE,user_9,2026-06-24
L00401,BOM,DELETE,user_17,2026-06-14
L00402,BOM,DELETE,user_11,2026-06-13
L00403,BOM,DELETE,user_18,2026-06-15
L00404,INVENTORY,UPDATE,user_15,2026-06-1
L00405,PARTS,UPDATE,user_15,2026-06-24
L00406,BOM,CREATE,user_3,2026-06-7
L00407,BOM,CREATE,user_20,2026-06-16
L00408,INVENTORY,DELETE,user_2,2026-06-15
L00409,PARTS,CREATE,user_10,2026-06-8
L00410,BOM,DELETE,user_6,2026-06-22
L00411,PARTS,DELETE,user_4,2026-06-27
L00412,PARTS,CREATE,user_10,2026-06-7
L00413,PARTS,DELETE,user_11,2026-06-12
L00414,BOM,UPDATE,user_1,2026-06-26
L00415,INVENTORY,CREATE,user_19,2026-06-22
L00416,INVENTORY,UPDATE,user_17,2026-06-20
L00417,BOM,DELETE,user_12,2026-06-28
L00418,INVENTORY,DELETE,user_5,2026-06-9
L00419,PARTS,CREATE,user_9,2026-06-15
L00420,INVENTORY,CREATE,user_19,2026-06-8
L00421,BOM,CREATE,user_7,2026-06-16
L00422,BOM,CREATE,user_19,2026-06-22
L00423,BOM,DELETE,user_8,2026-06-27
L00424,PARTS,DELETE,user_8,2026-06-18
L00425,BOM,CREATE,user_1,2026-06-21
L00426,PARTS,UPDATE,user_8,2026-06-9
L00427,INVENTORY,DELETE,user_3,2026-06-1
L00428,INVENTORY,CREATE,user_15,2026-06-18
L00429,INVENTORY,UPDATE,user_8,2026-06-21
L00430,BOM,DELETE,user_3,2026-06-25
L00431,INVENTORY,DELETE,user_16,2026-06-19
L00432,BOM,DELETE,user_4,2026-06-8
L00433,INVENTORY,UPDATE,user_13,2026-06-13
L00434,PARTS,CREATE,user_16,2026-06-17
L00435,INVENTORY,UPDATE,user_6,2026-06-12
L00436,PARTS,UPDATE,user_2,2026-06-27
L00437,INVENTORY,DELETE,user_20,2026-06-18
L00438,PARTS,DELETE,user_2,2026-06-3
L00439,INVENTORY,UPDATE,user_12,2026-06-19
L00440,INVENTORY,CREATE,user_20,2026-06-20
L00441,BOM,UPDATE,user_7,2026-06-30
L00442,BOM,CREATE,user_15,2026-06-27
L00443,INVENTORY,UPDATE,user_3,2026-06-13
L00444,PARTS,CREATE,user_11,2026-06-21
L00445,INVENTORY,DELETE,user_9,2026-06-28
L00446,PARTS,CREATE,user_20,2026-06-29
L00447,BOM,UPDATE,user_14,2026-06-5
L00448,PARTS,DELETE,user_3,2026-06-22
L00449,BOM,UPDATE,user_16,2026-06-28
L00450,PARTS,UPDATE,user_6,2026-06-11
L00451,INVENTORY,CREATE,user_20,2026-06-27
L00452,INVENTORY,UPDATE,user_20,2026-06-29
L00453,BOM,UPDATE,user_10,2026-06-24
L00454,BOM,UPDATE,user_13,2026-06-13
L00455,BOM,UPDATE,user_4,2026-06-6
L00456,PARTS,UPDATE,user_1,2026-06-22
L00457,INVENTORY,CREATE,user_6,2026-06-15
L00458,INVENTORY,CREATE,user_5,2026-06-29
L00459,BOM,DELETE,user_2,2026-06-15
L00460,INVENTORY,DELETE,user_12,2026-06-23
L00461,BOM,CREATE,user_19,2026-06-5
L00462,BOM,DELETE,user_19,2026-06-26
L00463,PARTS,UPDATE,user_17,2026-06-9
L00464,INVENTORY,DELETE,user_19,2026-06-12
L00465,PARTS,UPDATE,user_14,2026-06-7
L00466,BOM,DELETE,user_7,2026-06-10
L00467,PARTS,DELETE,user_13,2026-06-10
L00468,BOM,DELETE,user_2,2026-06-1
L00469,PARTS,CREATE,user_7,2026-06-27
L00470,INVENTORY,CREATE,user_18,2026-06-14
L00471,PARTS,DELETE,user_13,2026-06-10
L00472,PARTS,DELETE,user_9,2026-06-19
L00473,PARTS,DELETE,user_19,2026-06-7
L00474,PARTS,CREATE,user_12,2026-06-17
L00475,INVENTORY,CREATE,user_16,2026-06-6
L00476,INVENTORY,UPDATE,user_20,2026-06-23
L00477,BOM,CREATE,user_17,2026-06-26
L00478,BOM,UPDATE,user_1,2026-06-4
L00479,INVENTORY,UPDATE,user_18,2026-06-30
L00480,PARTS,UPDATE,user_7,2026-06-13
L00481,BOM,CREATE,user_1,2026-06-10
L00482,PARTS,CREATE,user_8,2026-06-5
L00483,INVENTORY,UPDATE,user_20,2026-06-5
L00484,INVENTORY,UPDATE,user_6,2026-06-14
L00485,BOM,DELETE,user_17,2026-06-29
L00486,PARTS,DELETE,user_10,2026-06-6
L00487,PARTS,DELETE,user_20,2026-06-13
L00488,INVENTORY,CREATE,user_14,2026-06-30
L00489,PARTS,CREATE,user_3,2026-06-12
L00490,INVENTORY,UPDATE,user_20,2026-06-30
L00491,INVENTORY,CREATE,user_11,2026-06-19
L00492,INVENTORY,CREATE,user_15,2026-06-16
L00493,INVENTORY,UPDATE,user_6,2026-06-17
L00494,BOM,DELETE,user_8,2026-06-17
L00495,BOM,UPDATE,user_13,2026-06-10
L00496,PARTS,UPDATE,user_6,2026-06-9
L00497,INVENTORY,DELETE,user_5,2026-06-13
L00498,BOM,UPDATE,user_16,2026-06-15
L00499,PARTS,DELETE,user_18,2026-06-15
L00500,PARTS,CREATE,user_17,2026-06-19
L00501,BOM,CREATE,user_16,2026-06-13
L00502,INVENTORY,CREATE,user_7,2026-06-16
L00503,INVENTORY,CREATE,user_12,2026-06-21
L00504,INVENTORY,DELETE,user_14,2026-06-3
L00505,BOM,CREATE,user_15,2026-06-16
L00506,BOM,CREATE,user_20,2026-06-15
L00507,INVENTORY,UPDATE,user_2,2026-06-14
L00508,BOM,DELETE,user_4,2026-06-2
L00509,INVENTORY,DELETE,user_8,2026-06-2
L00510,PARTS,UPDATE,user_13,2026-06-13
L00511,PARTS,UPDATE,user_20,2026-06-17
L00512,INVENTORY,DELETE,user_5,2026-06-21
L00513,PARTS,DELETE,user_20,2026-06-25
L00514,INVENTORY,CREATE,user_10,2026-06-18
L00515,PARTS,UPDATE,user_8,2026-06-17
L00516,INVENTORY,UPDATE,user_15,2026-06-19
L00517,BOM,DELETE,user_8,2026-06-28
L00518,BOM,CREATE,user_19,2026-06-17
L00519,BOM,DELETE,user_3,2026-06-5
L00520,BOM,UPDATE,user_14,2026-06-19
L00521,INVENTORY,UPDATE,user_8,2026-06-28
L00522,PARTS,DELETE,user_12,2026-06-30
L00523,PARTS,UPDATE,user_18,2026-06-14
L00524,PARTS,DELETE,user_18,2026-06-9
L00525,BOM,DELETE,user_12,2026-06-29
L00526,INVENTORY,CREATE,user_7,2026-06-8
L00527,INVENTORY,CREATE,user_7,2026-06-30
L00528,PARTS,UPDATE,user_3,2026-06-4
L00529,INVENTORY,DELETE,user_5,2026-06-26
L00530,INVENTORY,UPDATE,user_1,2026-06-2
L00531,BOM,DELETE,user_12,2026-06-8
L00532,PARTS,DELETE,user_13,2026-06-18
L00533,INVENTORY,UPDATE,user_2,2026-06-3
L00534,INVENTORY,UPDATE,user_1,2026-06-2
L00535,PARTS,UPDATE,user_4,2026-06-6
L00536,PARTS,CREATE,user_17,2026-06-23
L00537,INVENTORY,DELETE,user_7,2026-06-9
L00538,BOM,DELETE,user_19,2026-06-18
L00539,PARTS,UPDATE,user_1,2026-06-23
L00540,INVENTORY,UPDATE,user_19,2026-06-3
L00541,BOM,UPDATE,user_2,2026-06-28
L00542,INVENTORY,CREATE,user_8,2026-06-22
L00543,PARTS,CREATE,user_15,2026-06-30
L00544,PARTS,DELETE,user_7,2026-06-22
L00545,INVENTORY,UPDATE,user_16,2026-06-18
L00546,BOM,CREATE,user_9,2026-06-23
L00547,INVENTORY,UPDATE,user_18,2026-06-10
L00548,BOM,DELETE,user_3,2026-06-1
L00549,PARTS,CREATE,user_2,2026-06-1
L00550,PARTS,DELETE,user_16,2026-06-10
L00551,INVENTORY,UPDATE,user_16,2026-06-25
L00552,PARTS,CREATE,user_19,2026-06-12
L00553,BOM,CREATE,user_18,2026-06-8
L00554,PARTS,CREATE,user_4,2026-06-17
L00555,INVENTORY,CREATE,user_1,2026-06-26
L00556,INVENTORY,DELETE,user_16,2026-06-11
L00557,BOM,UPDATE,user_16,2026-06-12
L00558,INVENTORY,UPDATE,user_2,2026-06-1
L00559,INVENTORY,CREATE,user_9,2026-06-25
L00560,BOM,CREATE,user_7,2026-06-19
L00561,PARTS,UPDATE,user_11,2026-06-6
L00562,INVENTORY,DELETE,user_2,2026-06-3
L00563,PARTS,DELETE,user_4,2026-06-14
L00564,PARTS,CREATE,user_7,2026-06-4
L00565,INVENTORY,DELETE,user_17,2026-06-9
L00566,INVENTORY,DELETE,user_14,2026-06-11
L00567,INVENTORY,DELETE,user_19,2026-06-10
L00568,INVENTORY,DELETE,user_15,2026-06-30
L00569,PARTS,DELETE,user_13,2026-06-8
L00570,INVENTORY,UPDATE,user_11,2026-06-23
L00571,BOM,UPDATE,user_16,2026-06-23
L00572,BOM,UPDATE,user_15,2026-06-12
L00573,PARTS,UPDATE,user_18,2026-06-23
L00574,BOM,UPDATE,user_10,2026-06-13
L00575,INVENTORY,DELETE,user_7,2026-06-14
L00576,PARTS,CREATE,user_2,2026-06-30
L00577,BOM,UPDATE,user_13,2026-06-27
L00578,BOM,DELETE,user_5,2026-06-8
L00579,PARTS,UPDATE,user_11,2026-06-8
L00580,INVENTORY,DELETE,user_12,2026-06-29
L00581,INVENTORY,DELETE,user_4,2026-06-27
L00582,BOM,DELETE,user_13,2026-06-23
L00583,INVENTORY,UPDATE,user_18,2026-06-15
L00584,INVENTORY,CREATE,user_14,2026-06-29
L00585,BOM,CREATE,user_12,2026-06-2
L00586,PARTS,DELETE,user_12,2026-06-23
L00587,INVENTORY,CREATE,user_4,2026-06-3
L00588,INVENTORY,DELETE,user_18,2026-06-21
L00589,INVENTORY,DELETE,user_4,2026-06-23
L00590,PARTS,CREATE,user_20,2026-06-29
L00591,PARTS,DELETE,user_15,2026-06-30
L00592,BOM,DELETE,user_10,2026-06-6
L00593,PARTS,DELETE,user_3,2026-06-6
L00594,BOM,UPDATE,user_5,2026-06-2
L00595,BOM,CREATE,user_7,2026-06-30
L00596,PARTS,DELETE,user_2,2026-06-21
L00597,PARTS,DELETE,user_20,2026-06-28
L00598,BOM,CREATE,user_15,2026-06-16
L00599,BOM,CREATE,user_5,2026-06-1
L00600,PARTS,CREATE,user_3,2026-06-12
L00601,INVENTORY,DELETE,user_9,2026-06-4
L00602,INVENTORY,DELETE,user_4,2026-06-16
L00603,PARTS,UPDATE,user_5,2026-06-22
L00604,PARTS,UPDATE,user_9,2026-06-15
L00605,PARTS,DELETE,user_17,2026-06-1
L00606,INVENTORY,UPDATE,user_3,2026-06-19
L00607,PARTS,DELETE,user_18,2026-06-18
L00608,INVENTORY,UPDATE,user_7,2026-06-2
L00609,BOM,DELETE,user_15,2026-06-13
L00610,INVENTORY,CREATE,user_16,2026-06-16
L00611,BOM,DELETE,user_9,2026-06-28
L00612,PARTS,DELETE,user_20,2026-06-4
L00613,PARTS,DELETE,user_2,2026-06-25
L00614,BOM,DELETE,user_19,2026-06-12
L00615,BOM,CREATE,user_3,2026-06-4
L00616,BOM,UPDATE,user_3,2026-06-4
L00617,PARTS,CREATE,user_13,2026-06-12
L00618,INVENTORY,CREATE,user_11,2026-06-11
L00619,INVENTORY,DELETE,user_11,2026-06-4
L00620,INVENTORY,DELETE,user_6,2026-06-28
L00621,BOM,CREATE,user_11,2026-06-17
L00622,BOM,DELETE,user_2,2026-06-19
L00623,PARTS,DELETE,user_15,2026-06-19
L00624,BOM,CREATE,user_8,2026-06-21
L00625,PARTS,DELETE,user_20,2026-06-26
L00626,PARTS,DELETE,user_15,2026-06-14
L00627,BOM,UPDATE,user_12,2026-06-9
L00628,BOM,UPDATE,user_11,2026-06-11
L00629,INVENTORY,CREATE,user_14,2026-06-3
L00630,PARTS,UPDATE,user_16,2026-06-5
L00631,BOM,UPDATE,user_1,2026-06-9
L00632,INVENTORY,DELETE,user_12,2026-06-24
L00633,BOM,UPDATE,user_19,2026-06-13
L00634,PARTS,DELETE,user_14,2026-06-30
L00635,BOM,DELETE,user_9,2026-06-24
L00636,INVENTORY,UPDATE,user_16,2026-06-4
L00637,PARTS,CREATE,user_2,2026-06-19
L00638,PARTS,UPDATE,user_17,2026-06-15
L00639,PARTS,UPDATE,user_12,2026-06-19
L00640,INVENTORY,DELETE,user_15,2026-06-22
L00641,BOM,UPDATE,user_12,2026-06-23
L00642,PARTS,CREATE,user_9,2026-06-5
L00643,INVENTORY,DELETE,user_9,2026-06-15
L00644,PARTS,CREATE,user_16,2026-06-9
L00645,INVENTORY,CREATE,user_7,2026-06-22
L00646,INVENTORY,CREATE,user_1,2026-06-22
L00647,INVENTORY,UPDATE,user_20,2026-06-26
L00648,INVENTORY,CREATE,user_17,2026-06-23
L00649,INVENTORY,UPDATE,user_12,2026-06-27
L00650,INVENTORY,UPDATE,user_8,2026-06-11
L00651,INVENTORY,UPDATE,user_5,2026-06-29
L00652,PARTS,DELETE,user_17,2026-06-18
L00653,INVENTORY,UPDATE,user_1,2026-06-28
L00654,BOM,UPDATE,user_16,2026-06-5
L00655,PARTS,DELETE,user_10,2026-06-29
L00656,BOM,DELETE,user_2,2026-06-23
L00657,BOM,CREATE,user_18,2026-06-18
L00658,PARTS,CREATE,user_4,2026-06-6
L00659,INVENTORY,CREATE,user_18,2026-06-20
L00660,BOM,DELETE,user_1,2026-06-16
L00661,PARTS,DELETE,user_7,2026-06-5
L00662,PARTS,UPDATE,user_17,2026-06-22
L00663,PARTS,DELETE,user_4,2026-06-1
L00664,BOM,CREATE,user_19,2026-06-4
L00665,PARTS,CREATE,user_14,2026-06-6
L00666,PARTS,CREATE,user_1,2026-06-19
L00667,INVENTORY,CREATE,user_4,2026-06-21
L00668,INVENTORY,CREATE,user_13,2026-06-8
L00669,PARTS,UPDATE,user_18,2026-06-21
L00670,BOM,CREATE,user_3,2026-06-7
L00671,INVENTORY,DELETE,user_3,2026-06-5
L00672,INVENTORY,CREATE,user_16,2026-06-14
L00673,BOM,DELETE,user_14,2026-06-15
L00674,BOM,UPDATE,user_20,2026-06-13
L00675,INVENTORY,UPDATE,user_1,2026-06-4
L00676,BOM,UPDATE,user_3,2026-06-5
L00677,BOM,DELETE,user_4,2026-06-22
L00678,BOM,UPDATE,user_16,2026-06-11
L00679,INVENTORY,CREATE,user_2,2026-06-12
L00680,INVENTORY,DELETE,user_17,2026-06-5
L00681,INVENTORY,UPDATE,user_7,2026-06-5
L00682,PARTS,CREATE,user_10,2026-06-7
L00683,PARTS,UPDATE,user_1,2026-06-26
L00684,BOM,CREATE,user_20,2026-06-4
L00685,BOM,DELETE,user_11,2026-06-10
L00686,BOM,CREATE,user_16,2026-06-3
L00687,INVENTORY,DELETE,user_9,2026-06-16
L00688,PARTS,DELETE,user_10,2026-06-30
L00689,INVENTORY,DELETE,user_11,2026-06-23
L00690,BOM,UPDATE,user_16,2026-06-8
L00691,BOM,UPDATE,user_1,2026-06-7
L00692,BOM,DELETE,user_20,2026-06-12
L00693,PARTS,CREATE,user_20,2026-06-15
L00694,PARTS,UPDATE,user_3,2026-06-15
L00695,INVENTORY,DELETE,user_17,2026-06-8
L00696,PARTS,CREATE,user_15,2026-06-9
L00697,INVENTORY,DELETE,user_19,2026-06-15
L00698,PARTS,UPDATE,user_13,2026-06-19
L00699,PARTS,DELETE,user_2,2026-06-7
L00700,BOM,UPDATE,user_13,2026-06-9
L00701,PARTS,CREATE,user_18,2026-06-15
L00702,BOM,CREATE,user_9,2026-06-11
L00703,PARTS,DELETE,user_18,2026-06-19
L00704,BOM,UPDATE,user_3,2026-06-11
L00705,BOM,CREATE,user_19,2026-06-9
L00706,BOM,CREATE,user_6,2026-06-25
L00707,PARTS,DELETE,user_8,2026-06-11
L00708,INVENTORY,CREATE,user_5,2026-06-4
L00709,PARTS,CREATE,user_2,2026-06-22
L00710,PARTS,DELETE,user_7,2026-06-2
L00711,INVENTORY,CREATE,user_5,2026-06-23
L00712,INVENTORY,CREATE,user_17,2026-06-7
L00713,PARTS,DELETE,user_19,2026-06-1
L00714,PARTS,UPDATE,user_19,2026-06-20
L00715,PARTS,DELETE,user_6,2026-06-13
L00716,BOM,CREATE,user_11,2026-06-11
L00717,PARTS,UPDATE,user_1,2026-06-12
L00718,PARTS,UPDATE,user_1,2026-06-24
L00719,PARTS,CREATE,user_2,2026-06-8
L00720,PARTS,UPDATE,user_20,2026-06-25
L00721,BOM,CREATE,user_10,2026-06-3
L00722,PARTS,DELETE,user_3,2026-06-5
L00723,BOM,UPDATE,user_9,2026-06-19
L00724,PARTS,DELETE,user_13,2026-06-9
L00725,INVENTORY,UPDATE,user_9,2026-06-21
L00726,INVENTORY,CREATE,user_17,2026-06-20
L00727,INVENTORY,CREATE,user_16,2026-06-13
L00728,BOM,UPDATE,user_8,2026-06-10
L00729,BOM,CREATE,user_15,2026-06-17
L00730,BOM,UPDATE,user_12,2026-06-19
L00731,BOM,UPDATE,user_14,2026-06-24
L00732,BOM,UPDATE,user_17,2026-06-11
L00733,INVENTORY,DELETE,user_12,2026-06-28
L00734,INVENTORY,CREATE,user_15,2026-06-2
L00735,PARTS,UPDATE,user_9,2026-06-29
L00736,BOM,DELETE,user_1,2026-06-9
L00737,PARTS,DELETE,user_15,2026-06-4
L00738,INVENTORY,CREATE,user_7,2026-06-11
L00739,BOM,UPDATE,user_7,2026-06-19
L00740,INVENTORY,DELETE,user_17,2026-06-3
L00741,PARTS,CREATE,user_11,2026-06-16
L00742,BOM,CREATE,user_12,2026-06-23
L00743,INVENTORY,CREATE,user_16,2026-06-3
L00744,BOM,CREATE,user_13,2026-06-25
L00745,PARTS,CREATE,user_8,2026-06-1
L00746,BOM,DELETE,user_1,2026-06-9
L00747,BOM,CREATE,user_18,2026-06-9
L00748,INVENTORY,UPDATE,user_6,2026-06-16
L00749,INVENTORY,DELETE,user_6,2026-06-9
L00750,PARTS,DELETE,user_2,2026-06-6
L00751,INVENTORY,DELETE,user_9,2026-06-9
L00752,BOM,DELETE,user_12,2026-06-18
L00753,PARTS,UPDATE,user_6,2026-06-16
L00754,INVENTORY,CREATE,user_8,2026-06-12
L00755,BOM,CREATE,user_1,2026-06-3
L00756,PARTS,DELETE,user_7,2026-06-7
L00757,BOM,UPDATE,user_9,2026-06-26
L00758,PARTS,UPDATE,user_9,2026-06-12
L00759,BOM,DELETE,user_3,2026-06-24
L00760,INVENTORY,UPDATE,user_18,2026-06-28
L00761,BOM,DELETE,user_17,2026-06-12
L00762,PARTS,CREATE,user_18,2026-06-9
L00763,BOM,CREATE,user_5,2026-06-10
L00764,INVENTORY,CREATE,user_14,2026-06-11
L00765,BOM,UPDATE,user_12,2026-06-7
L00766,INVENTORY,UPDATE,user_17,2026-06-14
L00767,BOM,UPDATE,user_10,2026-06-13
L00768,INVENTORY,DELETE,user_11,2026-06-18
L00769,PARTS,UPDATE,user_14,2026-06-30
L00770,PARTS,UPDATE,user_17,2026-06-7
L00771,PARTS,CREATE,user_9,2026-06-12
L00772,BOM,UPDATE,user_13,2026-06-3
L00773,INVENTORY,CREATE,user_15,2026-06-5
L00774,INVENTORY,CREATE,user_6,2026-06-15
L00775,BOM,UPDATE,user_1,2026-06-3
L00776,INVENTORY,CREATE,user_16,2026-06-20
L00777,INVENTORY,DELETE,user_4,2026-06-20
L00778,INVENTORY,UPDATE,user_5,2026-06-3
L00779,BOM,CREATE,user_18,2026-06-13
L00780,BOM,DELETE,user_7,2026-06-15
L00781,INVENTORY,UPDATE,user_2,2026-06-5
L00782,INVENTORY,DELETE,user_12,2026-06-24
L00783,BOM,UPDATE,user_16,2026-06-18
L00784,BOM,DELETE,user_8,2026-06-19
L00785,INVENTORY,CREATE,user_19,2026-06-17
L00786,INVENTORY,CREATE,user_17,2026-06-17
L00787,BOM,CREATE,user_6,2026-06-5
L00788,PARTS,DELETE,user_2,2026-06-22
L00789,BOM,UPDATE,user_1,2026-06-29
L00790,INVENTORY,CREATE,user_11,2026-06-17
L00791,BOM,DELETE,user_19,2026-06-7
L00792,PARTS,CREATE,user_8,2026-06-1
L00793,INVENTORY,DELETE,user_18,2026-06-7
L00794,PARTS,CREATE,user_3,2026-06-9
L00795,PARTS,CREATE,user_11,2026-06-20
L00796,INVENTORY,CREATE,user_10,2026-06-22
L00797,PARTS,DELETE,user_17,2026-06-2
L00798,INVENTORY,DELETE,user_19,2026-06-30
L00799,BOM,UPDATE,user_1,2026-06-11
L00800,INVENTORY,UPDATE,user_17,2026-06-6
L00801,PARTS,UPDATE,user_5,2026-06-24
L00802,PARTS,CREATE,user_2,2026-06-7
L00803,BOM,CREATE,user_14,2026-06-11
L00804,INVENTORY,CREATE,user_13,2026-06-4
L00805,INVENTORY,CREATE,user_2,2026-06-23
L00806,INVENTORY,UPDATE,user_6,2026-06-4
L00807,PARTS,DELETE,user_11,2026-06-9
L00808,BOM,DELETE,user_18,2026-06-14
L00809,PARTS,UPDATE,user_16,2026-06-11
L00810,INVENTORY,UPDATE,user_13,2026-06-19
L00811,BOM,CREATE,user_19,2026-06-5
L00812,BOM,CREATE,user_15,2026-06-30
L00813,INVENTORY,DELETE,user_14,2026-06-13
L00814,INVENTORY,UPDATE,user_10,2026-06-24
L00815,BOM,UPDATE,user_5,2026-06-2
L00816,BOM,DELETE,user_12,2026-06-22
L00817,PARTS,DELETE,user_1,2026-06-17
L00818,PARTS,DELETE,user_7,2026-06-24
L00819,PARTS,CREATE,user_12,2026-06-10
L00820,PARTS,UPDATE,user_5,2026-06-15
L00821,INVENTORY,CREATE,user_2,2026-06-15
L00822,INVENTORY,CREATE,user_17,2026-06-26
L00823,BOM,DELETE,user_14,2026-06-26
L00824,PARTS,CREATE,user_15,2026-06-27
L00825,PARTS,DELETE,user_19,2026-06-28
L00826,PARTS,CREATE,user_7,2026-06-30
L00827,PARTS,UPDATE,user_16,2026-06-13
L00828,BOM,DELETE,user_11,2026-06-18
L00829,INVENTORY,CREATE,user_3,2026-06-29
L00830,INVENTORY,UPDATE,user_1,2026-06-4
L00831,INVENTORY,UPDATE,user_1,2026-06-17
L00832,INVENTORY,UPDATE,user_11,2026-06-24
L00833,INVENTORY,UPDATE,user_12,2026-06-21
L00834,BOM,CREATE,user_18,2026-06-26
L00835,PARTS,UPDATE,user_2,2026-06-9
L00836,INVENTORY,UPDATE,user_13,2026-06-9
L00837,PARTS,CREATE,user_17,2026-06-3
L00838,INVENTORY,UPDATE,user_10,2026-06-30
L00839,INVENTORY,CREATE,user_8,2026-06-4
L00840,PARTS,UPDATE,user_8,2026-06-3
L00841,PARTS,DELETE,user_7,2026-06-7
L00842,BOM,CREATE,user_15,2026-06-30
L00843,BOM,CREATE,user_10,2026-06-26
L00844,PARTS,UPDATE,user_4,2026-06-28
L00845,PARTS,CREATE,user_18,2026-06-14
L00846,BOM,UPDATE,user_12,2026-06-30
L00847,BOM,CREATE,user_8,2026-06-1
L00848,BOM,CREATE,user_16,2026-06-17
L00849,BOM,CREATE,user_16,2026-06-3
L00850,INVENTORY,UPDATE,user_6,2026-06-26
L00851,PARTS,UPDATE,user_10,2026-06-7
L00852,INVENTORY,UPDATE,user_5,2026-06-20
L00853,INVENTORY,UPDATE,user_8,2026-06-20
L00854,BOM,UPDATE,user_15,2026-06-19
L00855,PARTS,DELETE,user_13,2026-06-12
L00856,PARTS,DELETE,user_13,2026-06-12
L00857,INVENTORY,DELETE,user_14,2026-06-25
L00858,PARTS,DELETE,user_18,2026-06-11
L00859,PARTS,UPDATE,user_7,2026-06-8
L00860,BOM,CREATE,user_10,2026-06-1
L00861,PARTS,CREATE,user_6,2026-06-22
L00862,INVENTORY,UPDATE,user_13,2026-06-15
L00863,INVENTORY,CREATE,user_20,2026-06-4
L00864,PARTS,UPDATE,user_7,2026-06-5
L00865,BOM,CREATE,user_13,2026-06-10
L00866,BOM,UPDATE,user_7,2026-06-24
L00867,INVENTORY,CREATE,user_14,2026-06-13
L00868,BOM,DELETE,user_9,2026-06-7
L00869,PARTS,CREATE,user_3,2026-06-5
L00870,BOM,DELETE,user_16,2026-06-7
L00871,PARTS,UPDATE,user_1,2026-06-8
L00872,INVENTORY,UPDATE,user_3,2026-06-29
L00873,INVENTORY,CREATE,user_7,2026-06-29
L00874,BOM,UPDATE,user_15,2026-06-17
L00875,PARTS,UPDATE,user_13,2026-06-11
L00876,INVENTORY,UPDATE,user_4,2026-06-17
L00877,INVENTORY,CREATE,user_8,2026-06-16
L00878,BOM,UPDATE,user_11,2026-06-18
L00879,BOM,UPDATE,user_20,2026-06-21
L00880,BOM,CREATE,user_7,2026-06-26
L00881,BOM,DELETE,user_17,2026-06-11
L00882,INVENTORY,CREATE,user_7,2026-06-13
L00883,INVENTORY,DELETE,user_5,2026-06-18
L00884,BOM,DELETE,user_10,2026-06-3
L00885,PARTS,CREATE,user_8,2026-06-17
L00886,BOM,UPDATE,user_16,2026-06-7
L00887,PARTS,CREATE,user_15,2026-06-25
L00888,INVENTORY,DELETE,user_4,2026-06-26
L00889,PARTS,UPDATE,user_7,2026-06-25
L00890,PARTS,DELETE,user_12,2026-06-4
L00891,INVENTORY,DELETE,user_14,2026-06-11
L00892,INVENTORY,CREATE,user_17,2026-06-2
L00893,BOM,UPDATE,user_19,2026-06-4
L00894,PARTS,DELETE,user_9,2026-06-2
L00895,INVENTORY,DELETE,user_15,2026-06-5
L00896,BOM,CREATE,user_10,2026-06-15
L00897,BOM,DELETE,user_7,2026-06-9
L00898,BOM,CREATE,user_1,2026-06-17
L00899,INVENTORY,DELETE,user_13,2026-06-7
L00900,INVENTORY,UPDATE,user_15,2026-06-7
L00901,INVENTORY,CREATE,user_12,2026-06-5
L00902,INVENTORY,UPDATE,user_10,2026-06-19
L00903,INVENTORY,DELETE,user_20,2026-06-4
L00904,PARTS,UPDATE,user_15,2026-06-24
L00905,BOM,UPDATE,user_3,2026-06-5
L00906,BOM,DELETE,user_20,2026-06-26
L00907,BOM,DELETE,user_3,2026-06-6
L00908,BOM,CREATE,user_13,2026-06-25
L00909,PARTS,UPDATE,user_5,2026-06-8
L00910,INVENTORY,UPDATE,user_3,2026-06-23
L00911,INVENTORY,UPDATE,user_5,2026-06-4
L00912,BOM,CREATE,user_3,2026-06-17
L00913,BOM,CREATE,user_4,2026-06-13
L00914,PARTS,DELETE,user_20,2026-06-22
L00915,INVENTORY,UPDATE,user_18,2026-06-1
L00916,PARTS,DELETE,user_19,2026-06-27
L00917,PARTS,CREATE,user_17,2026-06-3
L00918,INVENTORY,CREATE,user_3,2026-06-21
L00919,BOM,UPDATE,user_11,2026-06-30
L00920,INVENTORY,UPDATE,user_11,2026-06-14
L00921,PARTS,CREATE,user_1,2026-06-20
L00922,INVENTORY,DELETE,user_15,2026-06-29
L00923,INVENTORY,CREATE,user_4,2026-06-17
L00924,BOM,DELETE,user_20,2026-06-5
L00925,INVENTORY,UPDATE,user_14,2026-06-8
L00926,BOM,DELETE,user_2,2026-06-30
L00927,PARTS,UPDATE,user_9,2026-06-25
L00928,INVENTORY,CREATE,user_5,2026-06-28
L00929,BOM,CREATE,user_8,2026-06-24
L00930,INVENTORY,UPDATE,user_6,2026-06-21
L00931,INVENTORY,DELETE,user_20,2026-06-20
L00932,BOM,CREATE,user_12,2026-06-18
L00933,INVENTORY,DELETE,user_13,2026-06-30
L00934,PARTS,UPDATE,user_17,2026-06-4
L00935,BOM,DELETE,user_1,2026-06-27
L00936,PARTS,CREATE,user_7,2026-06-11
L00937,PARTS,UPDATE,user_19,2026-06-27
L00938,BOM,DELETE,user_13,2026-06-2
L00939,INVENTORY,DELETE,user_4,2026-06-22
L00940,BOM,DELETE,user_7,2026-06-16
L00941,PARTS,CREATE,user_6,2026-06-27
L00942,PARTS,DELETE,user_4,2026-06-23
L00943,INVENTORY,UPDATE,user_12,2026-06-22
L00944,PARTS,CREATE,user_14,2026-06-13
L00945,PARTS,DELETE,user_4,2026-06-19
L00946,INVENTORY,CREATE,user_2,2026-06-24
L00947,PARTS,CREATE,user_9,2026-06-22
L00948,PARTS,UPDATE,user_9,2026-06-1
L00949,BOM,DELETE,user_18,2026-06-1
L00950,INVENTORY,CREATE,user_12,2026-06-26
L00951,PARTS,UPDATE,user_5,2026-06-1
L00952,BOM,UPDATE,user_5,2026-06-4
L00953,PARTS,UPDATE,user_11,2026-06-30
L00954,BOM,DELETE,user_19,2026-06-18
L00955,INVENTORY,UPDATE,user_12,2026-06-9
L00956,PARTS,DELETE,user_13,2026-06-28
L00957,BOM,DELETE,user_3,2026-06-16
L00958,PARTS,UPDATE,user_5,2026-06-19
L00959,INVENTORY,DELETE,user_2,2026-06-1
L00960,PARTS,DELETE,user_10,2026-06-13
L00961,BOM,UPDATE,user_12,2026-06-20
L00962,BOM,DELETE,user_19,2026-06-21
L00963,PARTS,UPDATE,user_11,2026-06-4
L00964,PARTS,UPDATE,user_16,2026-06-28
L00965,BOM,CREATE,user_7,2026-06-14
L00966,PARTS,CREATE,user_11,2026-06-25
L00967,INVENTORY,DELETE,user_16,2026-06-21
L00968,PARTS,DELETE,user_15,2026-06-14
L00969,BOM,DELETE,user_1,2026-06-27
L00970,INVENTORY,CREATE,user_14,2026-06-11
L00971,PARTS,UPDATE,user_14,2026-06-23
L00972,INVENTORY,DELETE,user_19,2026-06-20
L00973,BOM,DELETE,user_20,2026-06-3
L00974,INVENTORY,CREATE,user_4,2026-06-16
L00975,PARTS,UPDATE,user_20,2026-06-27
L00976,BOM,DELETE,user_9,2026-06-19
L00977,BOM,CREATE,user_5,2026-06-9
L00978,BOM,CREATE,user_2,2026-06-15
L00979,BOM,DELETE,user_12,2026-06-1
L00980,PARTS,CREATE,user_3,2026-06-19
L00981,BOM,UPDATE,user_12,2026-06-29
L00982,INVENTORY,UPDATE,user_9,2026-06-12
L00983,BOM,DELETE,user_7,2026-06-21
L00984,BOM,UPDATE,user_10,2026-06-22
L00985,PARTS,CREATE,user_10,2026-06-12
L00986,PARTS,CREATE,user_6,2026-06-30
L00987,INVENTORY,DELETE,user_6,2026-06-15
L00988,BOM,DELETE,user_19,2026-06-25
L00989,PARTS,DELETE,user_15,2026-06-1
L00990,PARTS,CREATE,user_10,2026-06-25
L00991,INVENTORY,DELETE,user_1,2026-06-21
L00992,PARTS,UPDATE,user_7,2026-06-4
L00993,BOM,DELETE,user_15,2026-06-19
L00994,BOM,CREATE,user_8,2026-06-13
L00995,PARTS,CREATE,user_9,2026-06-5
L00996,INVENTORY,DELETE,user_15,2026-06-21
L00997,INVENTORY,DELETE,user_7,2026-06-1
L00998,PARTS,UPDATE,user_14,2026-06-29
L00999,BOM,UPDATE,user_13,2026-06-21
L01000,PARTS,CREATE,user_12,2026-06-23
L01001,PARTS,DELETE,user_20,2026-06-20
L01002,BOM,DELETE,user_16,2026-06-27
L01003,INVENTORY,UPDATE,user_2,2026-06-22
L01004,PARTS,UPDATE,user_5,2026-06-4
L01005,BOM,UPDATE,user_1,2026-06-30
L01006,BOM,CREATE,user_10,2026-06-8
L01007,PARTS,DELETE,user_15,2026-06-10
L01008,BOM,CREATE,user_2,2026-06-4
L01009,PARTS,DELETE,user_10,2026-06-11
L01010,PARTS,CREATE,user_3,2026-06-16
L01011,BOM,DELETE,user_18,2026-06-6
L01012,INVENTORY,DELETE,user_3,2026-06-29
L01013,BOM,DELETE,user_9,2026-06-18
L01014,PARTS,CREATE,user_2,2026-06-25
L01015,INVENTORY,UPDATE,user_16,2026-06-15
L01016,PARTS,UPDATE,user_3,2026-06-3
L01017,INVENTORY,CREATE,user_5,2026-06-14
L01018,BOM,DELETE,user_2,2026-06-23
L01019,PARTS,UPDATE,user_19,2026-06-14
L01020,PARTS,DELETE,user_4,2026-06-28
L01021,PARTS,CREATE,user_6,2026-06-22
L01022,PARTS,UPDATE,user_9,2026-06-2
L01023,PARTS,UPDATE,user_14,2026-06-11
L01024,PARTS,DELETE,user_15,2026-06-5
L01025,BOM,UPDATE,user_5,2026-06-28
L01026,BOM,UPDATE,user_6,2026-06-22
L01027,BOM,CREATE,user_20,2026-06-14
L01028,BOM,CREATE,user_17,2026-06-18
L01029,BOM,DELETE,user_5,2026-06-18
L01030,PARTS,DELETE,user_8,2026-06-3
L01031,INVENTORY,UPDATE,user_14,2026-06-3
L01032,BOM,UPDATE,user_16,2026-06-12
L01033,PARTS,DELETE,user_12,2026-06-25
L01034,INVENTORY,CREATE,user_6,2026-06-2
L01035,INVENTORY,UPDATE,user_7,2026-06-22
L01036,BOM,DELETE,user_20,2026-06-1
L01037,INVENTORY,UPDATE,user_4,2026-06-17
L01038,PARTS,UPDATE,user_16,2026-06-30
L01039,INVENTORY,CREATE,user_5,2026-06-30
L01040,INVENTORY,UPDATE,user_6,2026-06-27
L01041,INVENTORY,UPDATE,user_20,2026-06-3
L01042,INVENTORY,CREATE,user_8,2026-06-19
L01043,BOM,CREATE,user_8,2026-06-3
L01044,PARTS,UPDATE,user_6,2026-06-2
L01045,PARTS,DELETE,user_7,2026-06-28
L01046,BOM,CREATE,user_20,2026-06-23
L01047,PARTS,CREATE,user_20,2026-06-24
L01048,BOM,UPDATE,user_6,2026-06-29
L01049,BOM,UPDATE,user_4,2026-06-7
L01050,PARTS,UPDATE,user_1,2026-06-20
L01051,PARTS,UPDATE,user_8,2026-06-29
L01052,BOM,CREATE,user_7,2026-06-17
L01053,PARTS,UPDATE,user_4,2026-06-12
L01054,PARTS,UPDATE,user_9,2026-06-2
L01055,INVENTORY,UPDATE,user_16,2026-06-8
L01056,INVENTORY,DELETE,user_9,2026-06-5
L01057,BOM,UPDATE,user_2,2026-06-8
L01058,BOM,CREATE,user_12,2026-06-8
L01059,PARTS,CREATE,user_10,2026-06-27
L01060,BOM,UPDATE,user_10,2026-06-2
L01061,PARTS,UPDATE,user_14,2026-06-12
L01062,INVENTORY,CREATE,user_15,2026-06-6
L01063,PARTS,DELETE,user_7,2026-06-14
L01064,PARTS,UPDATE,user_3,2026-06-7
L01065,INVENTORY,UPDATE,user_6,2026-06-21
L01066,BOM,UPDATE,user_7,2026-06-19
L01067,INVENTORY,DELETE,user_3,2026-06-8
L01068,BOM,UPDATE,user_14,2026-06-16
L01069,BOM,UPDATE,user_18,2026-06-9
L01070,BOM,CREATE,user_16,2026-06-9
L01071,BOM,UPDATE,user_17,2026-06-15
L01072,INVENTORY,DELETE,user_15,2026-06-6
L01073,PARTS,UPDATE,user_11,2026-06-19
L01074,PARTS,DELETE,user_6,2026-06-12
L01075,BOM,CREATE,user_17,2026-06-12
L01076,INVENTORY,CREATE,user_2,2026-06-16
L01077,INVENTORY,CREATE,user_9,2026-06-29
L01078,PARTS,CREATE,user_16,2026-06-17
L01079,INVENTORY,CREATE,user_17,2026-06-17
L01080,PARTS,UPDATE,user_9,2026-06-5
L01081,PARTS,DELETE,user_11,2026-06-30
L01082,BOM,DELETE,user_16,2026-06-23
L01083,PARTS,DELETE,user_12,2026-06-14
L01084,INVENTORY,UPDATE,user_20,2026-06-14
L01085,BOM,DELETE,user_13,2026-06-19
L01086,PARTS,UPDATE,user_4,2026-06-10
L01087,INVENTORY,CREATE,user_11,2026-06-30
L01088,BOM,DELETE,user_14,2026-06-12
L01089,INVENTORY,CREATE,user_7,2026-06-10
L01090,INVENTORY,DELETE,user_11,2026-06-26
L01091,PARTS,CREATE,user_19,2026-06-9
L01092,INVENTORY,UPDATE,user_13,2026-06-26
L01093,INVENTORY,UPDATE,user_14,2026-06-18
L01094,PARTS,CREATE,user_16,2026-06-22
L01095,BOM,CREATE,user_15,2026-06-30
L01096,BOM,UPDATE,user_10,2026-06-7
L01097,INVENTORY,UPDATE,user_20,2026-06-8
L01098,BOM,CREATE,user_12,2026-06-15
L01099,BOM,CREATE,user_17,2026-06-17
L01100,PARTS,UPDATE,user_17,2026-06-2
L01101,PARTS,CREATE,user_17,2026-06-7
L01102,INVENTORY,DELETE,user_6,2026-06-19
L01103,INVENTORY,DELETE,user_12,2026-06-27
L01104,INVENTORY,CREATE,user_2,2026-06-4
L01105,INVENTORY,DELETE,user_17,2026-06-23
L01106,INVENTORY,CREATE,user_11,2026-06-6
L01107,BOM,DELETE,user_7,2026-06-19
L01108,INVENTORY,CREATE,user_11,2026-06-2
L01109,INVENTORY,DELETE,user_13,2026-06-1
L01110,INVENTORY,UPDATE,user_6,2026-06-11
L01111,PARTS,DELETE,user_14,2026-06-4
L01112,INVENTORY,DELETE,user_16,2026-06-28
L01113,PARTS,DELETE,user_13,2026-06-1
L01114,INVENTORY,UPDATE,user_16,2026-06-28
L01115,INVENTORY,CREATE,user_10,2026-06-27
L01116,INVENTORY,CREATE,user_18,2026-06-6
L01117,PARTS,CREATE,user_4,2026-06-23
L01118,INVENTORY,DELETE,user_2,2026-06-12
L01119,PARTS,DELETE,user_10,2026-06-9
L01120,BOM,DELETE,user_16,2026-06-2
L01121,BOM,UPDATE,user_8,2026-06-9
L01122,INVENTORY,CREATE,user_9,2026-06-10
L01123,BOM,DELETE,user_6,2026-06-14
L01124,PARTS,DELETE,user_6,2026-06-3
L01125,PARTS,DELETE,user_17,2026-06-25
L01126,PARTS,UPDATE,user_16,2026-06-29
L01127,INVENTORY,UPDATE,user_18,2026-06-12
L01128,INVENTORY,DELETE,user_17,2026-06-7
L01129,BOM,CREATE,user_2,2026-06-7
L01130,BOM,DELETE,user_13,2026-06-29
L01131,INVENTORY,UPDATE,user_17,2026-06-5
L01132,PARTS,DELETE,user_4,2026-06-2
L01133,INVENTORY,UPDATE,user_3,2026-06-24
L01134,BOM,CREATE,user_14,2026-06-28
L01135,INVENTORY,UPDATE,user_13,2026-06-22
L01136,BOM,DELETE,user_17,2026-06-3
L01137,PARTS,DELETE,user_3,2026-06-12
L01138,PARTS,UPDATE,user_2,2026-06-2
L01139,INVENTORY,DELETE,user_7,2026-06-7
L01140,INVENTORY,DELETE,user_6,2026-06-11
L01141,BOM,DELETE,user_20,2026-06-5
L01142,BOM,UPDATE,user_11,2026-06-28
L01143,PARTS,UPDATE,user_5,2026-06-3
L01144,BOM,UPDATE,user_14,2026-06-28
L01145,BOM,CREATE,user_12,2026-06-29
L01146,INVENTORY,CREATE,user_9,2026-06-5
L01147,BOM,DELETE,user_12,2026-06-2
L01148,INVENTORY,DELETE,user_18,2026-06-4
L01149,BOM,UPDATE,user_10,2026-06-6
L01150,PARTS,DELETE,user_7,2026-06-24
L01151,PARTS,CREATE,user_7,2026-06-12
L01152,PARTS,UPDATE,user_11,2026-06-13
L01153,PARTS,DELETE,user_5,2026-06-2
L01154,BOM,CREATE,user_13,2026-06-2
L01155,BOM,UPDATE,user_6,2026-06-18
L01156,INVENTORY,UPDATE,user_9,2026-06-29
L01157,PARTS,UPDATE,user_15,2026-06-16
L01158,INVENTORY,CREATE,user_3,2026-06-14
L01159,BOM,CREATE,user_18,2026-06-28
L01160,PARTS,DELETE,user_16,2026-06-17
L01161,INVENTORY,CREATE,user_20,2026-06-25
L01162,PARTS,UPDATE,user_12,2026-06-24
L01163,BOM,DELETE,user_3,2026-06-12
L01164,PARTS,CREATE,user_18,2026-06-11
L01165,PARTS,UPDATE,user_4,2026-06-30
L01166,BOM,UPDATE,user_10,2026-06-1
L01167,PARTS,DELETE,user_3,2026-06-5
L01168,INVENTORY,CREATE,user_2,2026-06-25
L01169,INVENTORY,DELETE,user_8,2026-06-21
L01170,BOM,DELETE,user_12,2026-06-13
L01171,INVENTORY,CREATE,user_1,2026-06-20
L01172,BOM,UPDATE,user_10,2026-06-26
L01173,BOM,DELETE,user_18,2026-06-8
L01174,INVENTORY,CREATE,user_14,2026-06-25
L01175,PARTS,UPDATE,user_17,2026-06-28
L01176,PARTS,CREATE,user_16,2026-06-5
L01177,BOM,CREATE,user_12,2026-06-30
L01178,BOM,UPDATE,user_18,2026-06-18
L01179,BOM,CREATE,user_13,2026-06-17
L01180,INVENTORY,UPDATE,user_17,2026-06-25
L01181,PARTS,CREATE,user_17,2026-06-8
L01182,PARTS,CREATE,user_16,2026-06-20
L01183,BOM,DELETE,user_11,2026-06-10
L01184,PARTS,UPDATE,user_11,2026-06-26
L01185,PARTS,DELETE,user_20,2026-06-26
L01186,PARTS,DELETE,user_5,2026-06-11
L01187,INVENTORY,UPDATE,user_18,2026-06-11
L01188,BOM,DELETE,user_6,2026-06-15
L01189,PARTS,CREATE,user_18,2026-06-17
L01190,INVENTORY,UPDATE,user_1,2026-06-23
L01191,PARTS,CREATE,user_1,2026-06-25
L01192,PARTS,UPDATE,user_13,2026-06-30
L01193,PARTS,DELETE,user_4,2026-06-1
L01194,PARTS,DELETE,user_16,2026-06-15
L01195,INVENTORY,CREATE,user_4,2026-06-15
L01196,BOM,DELETE,user_13,2026-06-1
L01197,BOM,CREATE,user_8,2026-06-14
L01198,PARTS,CREATE,user_2,2026-06-19
L01199,PARTS,CREATE,user_7,2026-06-30
